Respondent,Misal Pav,Samosa Pav,Vada Pav,Pav Bhaji,Sandwich,Sprite,Diet Coke,Coca Cola,Thums Up,Lassi
Srushti Sankpal,4,1,4,5,2,3,5,1,4,5
Yash Dhangada,5,3,3,5,5,5,3,5,3,3
Saksham Harshwardhan,4,3,4,5,5,5,5,5,4,3
Jayesh Gupta,2,3,3,5,,3,5,1,3,3
Omkar Khude,,,,5,,5,,1,,5
Onkar Chakor,4,3,,5,5,1,,1,1,3
Kavya Gohil,4,3,4,,,3,5,5,5,5
Tanishka,,3,3,,,4,5,,5,
Ajinkya Swamiraj Gonda,5,1,,,,1,,,1,
Pearl,,,,4,4,4,,,5,
Sahil gaikar,,,,,5,5,,4,5,
Swaraj Wagh,3,4,4,4,,,,5,5,5
Sumedh Sandeep Jadha,3,4,4,3,2,3,,1,3,5
Hrushikesh,4,4,,4,,3,,,,3
Jasmit,4,3,4,4,,,,5,5,5
JONATHAN GAMING 16,,5,,,,,,5,,
Dhruv Dhodi,5,5,,,,4,,,,
Parthiv Bhattacharjee,,,,4,,5,,5,5,5
Koustubh sankhe,,4,,4,3,,,5,4,5
Jinesh Gadag,,5,,,,3,4,3,,3
Harshal Dhodi,,,,,,,4,,2,3
